GeoFIPS,GeoName,year,county_real_gdp_all_industry,county_personal_income,county_population,county_per_capita_income,county_gdp_per_capita
19000,Iowa,2020,187261682,168097773,3191141,52676,58.68173233335663
19000,Iowa,2021,202470637,186318884,3198613,58250,63.29951044405809
19000,Iowa,2022,202672531,196040112,3202820,61209,63.27940096539924
19000,Iowa,2023,201359774,201755854,3218414,62688,62.564907435774266
19000,Iowa,2024,206438928,211425368,3241488,65225,63.68646991751936
19001,"Adair, IA",2020,444705,403853,7489,53926,59.3810922686607
19001,"Adair, IA",2021,493826,491147,7522,65295,65.65089072055305
19001,"Adair, IA",2022,500615,507908,7457,68112,67.13356577712217
19001,"Adair, IA",2023,471688,517616,7399,69958,63.75023651844844
19001,"Adair, IA",2024,493562,572064,7431,76983,66.41932445162159
19003,"Adams, IA",2020,197857,196824,3710,53052,53.330727762803235
19003,"Adams, IA",2021,225816,236856,3641,65052,62.020324086789344
19003,"Adams, IA",2022,210077,240107,3602,66659,58.3223209328151
19003,"Adams, IA",2023,203523,229983,3553,64729,57.28201519842387
19003,"Adams, IA",2024,198660,230031,3606,63791,55.09151414309484
19005,"Allamakee, IA",2020,599893,687079,14069,48836,42.639348923164405
19005,"Allamakee, IA",2021,572482,748370,13965,53589,40.99405656999642
19005,"Allamakee, IA",2022,579016,787327,14072,55950,41.146674246731095
19005,"Allamakee, IA",2023,542899,787185,14168,55561,38.31867588932806
19005,"Allamakee, IA",2024,581652,832677,14184,58705,41.00761421319797
19007,"Appanoose, IA",2020,403188,528300,12283,43011,32.82487991533013
19007,"Appanoose, IA",2021,446207,583571,12269,47565,36.3686527019317
19007,"Appanoose, IA",2022,403479,573035,12135,47222,33.24919653893696
19007,"Appanoose, IA",2023,385741,581725,12129,47961,31.803198944678044
19007,"Appanoose, IA",2024,382833,613131,12106,50647,31.623409879398647
19009,"Audubon, IA",2020,287723,294587,5680,51864,50.655457746478874
19009,"Audubon, IA",2021,318560,366774,5645,64973,56.432240921169175
19009,"Audubon, IA",2022,329550,400014,5573,71777,59.13332137089539
19009,"Audubon, IA",2023,329951,369961,5533,66864,59.6332911621182
19009,"Audubon, IA",2024,350679,377835,5562,67931,63.04908306364617
19011,"Benton, IA",2020,846384,1421277,25550,55627,33.126575342465756
19011,"Benton, IA",2021,915952,1634548,25745,63490,35.577859778597784
19011,"Benton, IA",2022,861859,1789248,25756,69469,33.46245535020966
19011,"Benton, IA",2023,845949,1682186,25769,65279,32.82816562536381
19011,"Benton, IA",2024,850412,1705660,25799,66113,32.96298306135897
19013,"Black Hawk, IA",2020,7712598,6453128,131049,49242,58.85278025776618
19013,"Black Hawk, IA",2021,8164033,6863122,130587,52556,62.517961205939336
19013,"Black Hawk, IA",2022,7908976,6919379,130081,53193,60.800393600910205
19013,"Black Hawk, IA",2023,7778364,7281517,131179,55508,59.29580191951456
19013,"Black Hawk, IA",2024,7574396,7542170,132348,56987,57.23090639828332
19015,"Boone, IA",2020,1018118,1327941,26702,49732,38.12890420193244
19015,"Boone, IA",2021,1071019,1431938,26770,53490,40.00818079940232
19015,"Boone, IA",2022,1050545,1459675,26570,54937,39.538765525028225
19015,"Boone, IA",2023,1063912,1519087,26567,57179,40.046373320284566
19015,"Boone, IA",2024,993019,1565363,26729,58564,37.15137116989038
19017,"Bremer, IA",2020,1077594,1324297,25007,52957,43.09169432558883
19017,"Bremer, IA",2021,1200191,1449941,25119,57723,47.780206218400416
19017,"Bremer, IA",2022,1242031,1511249,25260,59828,49.16987331749802
19017,"Bremer, IA",2023,1211668,1558849,25304,61605,47.88444514701233
19017,"Bremer, IA",2024,1219738,1588725,25328,62726,48.157691092861654
19019,"Buchanan, IA",2020,758103,1060236,20606,51453,36.79040085412016
19019,"Buchanan, IA",2021,811025,1193630,20707,57644,39.16670691070652
19019,"Buchanan, IA",2022,814725,1280035,20700,61837,39.358695652173914
19019,"Buchanan, IA",2023,813337,1282403,20725,61877,39.244246079613994
19019,"Buchanan, IA",2024,827056,1304704,20733,62929,39.8908021029277
19021,"Buena Vista, IA",2020,1233632,929495,20808,44670,59.28642829680892
19021,"Buena Vista, IA",2021,1332742,1030627,20794,49564,64.0926228719823
19021,"Buena Vista, IA",2022,1464077,1130485,20651,54742,70.89617936177424
19021,"Buena Vista, IA",2023,1438690,1122691,20698,54242,69.50864817856798
19021,"Buena Vista, IA",2024,1545409,1188328,20816,57087,74.24140084550346
19023,"Butler, IA",2020,399522,689618,14334,48111,27.87233151946421
19023,"Butler, IA",2021,538350,825047,14351,57491,37.51306529161731
19023,"Butler, IA",2022,547292,877617,14275,61479,38.339194395796845
19023,"Butler, IA",2023,562531,871336,14225,61254,39.54523725834798
19023,"Butler, IA",2024,515993,867926,14156,61312,36.45048036168409
19025,"Calhoun, IA",2020,379460,481631,9895,48674,38.34866093986862
19025,"Calhoun, IA",2021,438092,587568,9894,59386,44.27855265817667
19025,"Calhoun, IA",2022,441673,642145,9725,66030,45.41624678663239
19025,"Calhoun, IA",2023,415119,608917,9790,62198,42.4023493360572
19025,"Calhoun, IA",2024,416525,611976,9711,63019,42.892081145093194
19027,"Carroll, IA",2020,1300799,1135722,20734,54776,62.737484325262855
19027,"Carroll, IA",2021,1357263,1258561,20754,60642,65.39765828274068
19027,"Carroll, IA",2022,1382448,1395310,20565,67849,67.22334062727936
19027,"Carroll, IA",2023,1351948,1367890,20512,66687,65.91010140405616
19027,"Carroll, IA",2024,1396164,1424207,20407,69790,68.41593570833537
19029,"Cass, IA",2020,637212,654227,13115,49884,48.586504003049946
19029,"Cass, IA",2021,710340,745543,13085,56977,54.286587695834925
19029,"Cass, IA",2022,700778,795868,13125,60638,53.392609523809526
19029,"Cass, IA",2023,724350,818350,13131,62322,55.16335389536212
19029,"Cass, IA",2024,743875,850078,13024,65270,57.11570945945946
19031,"Cedar, IA",2020,564546,1028409,18483,55641,30.54406752150625
19031,"Cedar, IA",2021,683174,1167012,18429,63325,37.07059525747463
19031,"Cedar, IA",2022,665355,1246936,18331,68023,36.29671049042605
19031,"Cedar, IA",2023,620598,1218225,18269,66683,33.970003831627345
19031,"Cedar, IA",2024,606436,1261806,18231,69212,33.264000877626025
19033,"Cerro Gordo, IA",2020,2432884,2261821,43021,52575,56.55107970526022
19033,"Cerro Gordo, IA",2021,2625338,2632043,42767,61544,61.38700399840999
19033,"Cerro Gordo, IA",2022,2673163,3200291,42408,75464,63.03440388605923
19033,"Cerro Gordo, IA",2023,2833058,3287851,42470,77416,66.7072757240405
19033,"Cerro Gordo, IA",2024,2890284,3403373,42493,80093,68.01788529875509
19035,"Cherokee, IA",2020,628398,637091,11658,54648,53.90272774060731
19035,"Cherokee, IA",2021,733317,790405,11539,68499,63.551174278533665
19035,"Cherokee, IA",2022,787059,1084482,11492,94368,68.48755656108597
19035,"Cherokee, IA",2023,782684,987341,11652,84736,67.17164435290078
19035,"Cherokee, IA",2024,843091,1013132,11658,86904,72.31866529421856
19037,"Chickasaw, IA",2020,600527,680898,11985,56813,50.10654985398415
19037,"Chickasaw, IA",2021,730694,875358,11882,73671,61.495876115132134
19037,"Chickasaw, IA",2022,776695,1202728,11755,102316,66.07358570820928
19037,"Chickasaw, IA",2023,803433,1111947,11694,95087,68.70472036942022
19037,"Chickasaw, IA",2024,850368,1132558,11719,96643,72.56318798532298
19039,"Clarke, IA",2020,396719,419280,9730,43091,40.77276464542651
19039,"Clarke, IA",2021,430871,449209,9751,46068,44.187365398420674
19039,"Clarke, IA",2022,483308,475482,9676,49140,49.94915254237288
19039,"Clarke, IA",2023,461356,476117,9631,49436,47.9032291558509
19039,"Clarke, IA",2024,500842,506521,9524,53184,52.587358252834946
19041,"Clay, IA",2020,1011035,880335,16337,53886,61.88620921833874
19041,"Clay, IA",2021,1046618,995136,16459,60462,63.58940397350993
19041,"Clay, IA",2022,1091028,1032646,16506,62562,66.09887313704108
19041,"Clay, IA",2023,1098874,1076719,16530,65137,66.47755595886268
19041,"Clay, IA",2024,1179968,1142022,16474,69323,71.62607745538425
19043,"Clayton, IA",2020,814823,927847,17034,54470,47.835094516848656
19043,"Clayton, IA",2021,863991,1041407,17058,61051,50.650193457615195
19043,"Clayton, IA",2022,870301,1125150,17058,65960,51.02010786727635
19043,"Clayton, IA",2023,849453,1099934,16985,64759,50.01195172210774
19043,"Clayton, IA",2024,870450,1153932,16931,68155,51.411611836276656
19045,"Clinton, IA",2020,2184145,2209805,46432,47592,47.03964937973811
19045,"Clinton, IA",2021,2389718,2404686,46491,51724,51.40173366888215
19045,"Clinton, IA",2022,2324697,2424816,46268,52408,50.244164433301634
19045,"Clinton, IA",2023,2268439,2470130,46134,53543,49.17065504833745
19045,"Clinton, IA",2024,2284327,2557836,46015,55587,49.64309464305118
19047,"Crawford, IA",2020,720038,734406,16492,44531,43.65983507154984
19047,"Crawford, IA",2021,819286,872919,16242,53745,50.44243319788203
19047,"Crawford, IA",2022,809701,918268,16135,56912,50.18289432909823
19047,"Crawford, IA",2023,834553,905892,16138,56134,51.713533275498826
19047,"Crawford, IA",2024,859893,920666,16378,56214,52.50293076077665
19049,"Dallas, IA",2020,6514851,7046057,100544,70079,64.7960196530872
19049,"Dallas, IA",2021,7071880,8111592,104194,77851,67.87223832466361
19049,"Dallas, IA",2022,7784145,8563282,108164,79169,71.96613475832994
19049,"Dallas, IA",2023,8239465,9224383,111593,82661,73.83496276648177
19049,"Dallas, IA",2024,8550013,9818467,115343,85124,74.12684774975507
19051,"Davis, IA",2020,249638,370827,9115,40683,27.38760285244103
19051,"Davis, IA",2021,282791,425070,9155,46430,30.889240851993446
19051,"Davis, IA",2022,307240,513177,9158,56036,33.54880978379559
19051,"Davis, IA",2023,298564,505208,9165,55124,32.57654118930715
19051,"Davis, IA",2024,306801,525860,9193,57202,33.37332753181769
19053,"Decatur, IA",2020,206261,298797,7733,38639,26.672830725462305
19053,"Decatur, IA",2021,234063,339334,7797,43521,30.019622931896883
19053,"Decatur, IA",2022,235344,349549,7822,44688,30.08744566607006
19053,"Decatur, IA",2023,214533,342691,7781,44042,27.571391851947052
19053,"Decatur, IA",2024,216787,353201,7656,46134,28.315961337513063
19055,"Delaware, IA",2020,884530,912621,17454,52287,50.677781597341585
19055,"Delaware, IA",2021,908027,1014623,17552,57807,51.73353463992707
19055,"Delaware, IA",2022,944578,1103570,17590,62738,53.69971574758385
19055,"Delaware, IA",2023,922127,1074252,17583,61096,52.44423590968549
19055,"Delaware, IA",2024,958351,1109073,17609,62983,54.42393094440343
19057,"Des Moines, IA",2020,2161657,2090665,38856,53805,55.632514926909614
19057,"Des Moines, IA",2021,2274399,2261197,38545,58664,59.00633026332858
19057,"Des Moines, IA",2022,2147644,2194955,38258,57372,56.135814731559414
19057,"Des Moines, IA",2023,2143986,2371726,38360,61828,55.89118873826903
19057,"Des Moines, IA",2024,2221427,2470946,38411,64329,57.83309468641795
19059,"Dickinson, IA",2020,970483,1114018,17773,62680,54.6043436673606
19059,"Dickinson, IA",2021,1065657,1285419,17876,71908,59.61383978518684
19059,"Dickinson, IA",2022,1087003,1382246,18052,76570,60.21510081985375
19059,"Dickinson, IA",2023,1094202,1444515,18087,79865,60.49659976778902
19059,"Dickinson, IA",2024,1179189,1529793,18158,84249,64.94046701178544
19061,"Dubuque, IA",2020,6617948,5261290,99310,52978,66.63929110864969
19061,"Dubuque, IA",2021,6808043,5743688,98863,58097,68.86340693687224
19061,"Dubuque, IA",2022,6896541,6009021,98748,60852,69.83980435046786
19061,"Dubuque, IA",2023,6885958,6297617,98988,63620,69.56356326019315
19061,"Dubuque, IA",2024,6926276,6588859,99242,66392,69.79178170532637
19063,"Emmet, IA",2020,334298,417973,9342,44741,35.78441447227574
19063,"Emmet, IA",2021,391485,480362,9333,51469,41.94631951141112
19063,"Emmet, IA",2022,400102,503591,9197,54756,43.503533761009024
19063,"Emmet, IA",2023,351251,485057,9277,52286,37.86256332866228
19063,"Emmet, IA",2024,392589,517576,9162,56492,42.849705304518665
19065,"Fayette, IA",2020,710545,897799,19448,46164,36.535633484162894
19065,"Fayette, IA",2021,750535,982003,19303,50873,38.88178003419158
19065,"Fayette, IA",2022,776930,1034879,19292,53643,40.27213352685051
19065,"Fayette, IA",2023,761638,1042438,19239,54184,39.588232236602735
19065,"Fayette, IA",2024,800463,1097284,19152,57293,41.7952694235589
19067,"Floyd, IA",2020,760141,762021,15593,48869,48.748861668697494
19067,"Floyd, IA",2021,870006,868911,15458,56211,56.28192521671626
19067,"Floyd, IA",2022,869677,942797,15316,61556,56.78225385218072
19067,"Floyd, IA",2023,870872,946083,15266,61973,57.04650858116075
19067,"Floyd, IA",2024,917123,973305,15008,64852,61.10894189765458
19069,"Franklin, IA",2020,541192,492070,9995,49232,54.14627313656828
19069,"Franklin, IA",2021,644763,615773,9949,61893,64.80681475525178
19069,"Franklin, IA",2022,643923,671957,9918,67751,64.92468239564428
19069,"Franklin, IA",2023,596033,641018,9895,64782,60.23577564426478
19069,"Franklin, IA",2024,594529,657281,10024,65571,59.31055466879489
19071,"Fremont, IA",2020,299086,339758,6567,51737,45.5437795035785
19071,"Fremont, IA",2021,356153,404597,6584,61452,54.0937120291616
19071,"Fremont, IA",2022,319130,392112,6465,60652,49.36272235112142
19071,"Fremont, IA",2023,322643,393809,6458,60980,49.96020439764633
19071,"Fremont, IA",2024,291869,405596,6494,62457,44.94441022482291
19073,"Greene, IA",2020,468877,448248,8750,51228,53.585942857142854
19073,"Greene, IA",2021,571052,526007,8726,60280,65.44258537703415
19073,"Greene, IA",2022,549603,541534,8707,62195,63.12197082806937
19073,"Greene, IA",2023,512549,521737,8597,60688,59.61951843666395
19073,"Greene, IA",2024,540406,531808,8662,61396,62.388132071115216
19075,"Grundy, IA",2020,504283,672693,12347,54482,40.842552846845386
19075,"Grundy, IA",2021,599663,774530,12376,62583,48.45370071105365
19075,"Grundy, IA",2022,582188,815554,12379,65882,47.030293238549156
19075,"Grundy, IA",2023,558101,808454,12412,65135,44.96463100225588
19075,"Grundy, IA",2024,539210,803526,12405,64774,43.46715034260379
19077,"Guthrie, IA",2020,455776,604896,10619,56964,42.920802335436484
19077,"Guthrie, IA",2021,508024,701968,10598,66236,47.93583695036799
19077,"Guthrie, IA",2022,519363,740111,10687,69253,48.59764199494713
19077,"Guthrie, IA",2023,514512,742992,10763,69032,47.803772182477005
19077,"Guthrie, IA",2024,567734,784919,10774,72853,52.69482086504548
19079,"Hamilton, IA",2020,677420,745920,15011,49692,45.12823929118646
19079,"Hamilton, IA",2021,788425,876207,14866,58940,53.03545002018028
19079,"Hamilton, IA",2022,849839,994105,14848,66952,57.23592403017241
19079,"Hamilton, IA",2023,804131,928179,14848,62512,54.15752963362069
19079,"Hamilton, IA",2024,854305,968173,14856,65171,57.505721593968765
19081,"Hancock, IA",2020,727735,550439,10758,51166,67.6459379066741
19081,"Hancock, IA",2021,891401,659270,10687,61689,83.40984373537944
19081,"Hancock, IA",2022,1004202,734813,10664,68906,94.16747936984245
19081,"Hancock, IA",2023,940844,685837,10631,64513,88.50004703226413
19081,"Hancock, IA",2024,984747,723613,10616,68162,92.76064431047476
19083,"Hardin, IA",2020,738108,824377,16826,48994,43.86711042434328
19083,"Hardin, IA",2021,899224,1046803,16705,62664,53.82963184675247
19083,"Hardin, IA",2022,952018,1281896,16677,76866,57.085686874138034
19083,"Hardin, IA",2023,853203,1087181,16523,65798,51.637293469708894
19083,"Hardin, IA",2024,863495,1105014,16464,67117,52.44746112730807
19085,"Harrison, IA",2020,418700,698187,14567,47929,28.743049358138258
19085,"Harrison, IA",2021,517943,820771,14692,55865,35.253403212632726
19085,"Harrison, IA",2022,533987,878106,14635,60000,36.48698325930987
19085,"Harrison, IA",2023,536677,889108,14638,60740,36.663273671266566
19085,"Harrison, IA",2024,508106,898320,14626,61419,34.739915219472174
19087,"Henry, IA",2020,915174,923716,20447,45176,44.758350858316625
19087,"Henry, IA",2021,979507,1012450,20387,49662,48.04566635601118
19087,"Henry, IA",2022,943226,1032578,20253,50984,46.57216214881746
19087,"Henry, IA",2023,885289,1025632,19573,52400,45.23011291064221
19087,"Henry, IA",2024,864153,1037723,19361,53599,44.63369660658024
19089,"Howard, IA",2020,440789,470503,9497,49542,46.41349899968411
19089,"Howard, IA",2021,518874,574170,9509,60382,54.566621095803974
19089,"Howard, IA",2022,543801,624828,9502,65758,57.230162071142914
19089,"Howard, IA",2023,549370,608418,9357,65023,58.71219407929892
19089,"Howard, IA",2024,570430,625343,9360,66810,60.94337606837607
19091,"Humboldt, IA",2020,423201,482191,9597,50244,44.097217880587685
19091,"Humboldt, IA",2021,470876,551731,9630,57293,48.896780893042575
19091,"Humboldt, IA",2022,451140,580420,9545,60809,47.264536406495544
19091,"Humboldt, IA",2023,446614,569199,9564,59515,46.6974069427018
19091,"Humboldt, IA",2024,449116,578832,9617,60188,46.70021836331496
19093,"Ida, IA",2020,584748,384301,7029,54674,83.19078104993598
19093,"Ida, IA",2021,607381,485359,6980,69536,87.017335243553
19093,"Ida, IA",2022,577720,513664,6900,74444,83.72753623188406
19093,"Ida, IA",2023,557191,474422,6835,69411,81.52026335040235
19093,"Ida, IA",2024,551885,471697,6810,69265,81.04038179148311
19095,"Iowa, IA",2020,962210,915908,16653,55000,57.779979583258275
19095,"Iowa, IA",2021,1057448,1001636,16583,60401,63.76699029126213
19095,"Iowa, IA",2022,979313,1015248,16491,61564,59.38469468194773
19095,"Iowa, IA",2023,917486,1013124,16386,61829,55.99206639814476
19095,"Iowa, IA",2024,907656,1042142,16423,63456,55.267368933812335
19097,"Jackson, IA",2020,654882,949457,19453,48808,33.664833187683136
19097,"Jackson, IA",2021,663360,1048056,19402,54018,34.190289660859705
19097,"Jackson, IA",2022,662916,1085981,19350,56123,34.25922480620155
19097,"Jackson, IA",2023,654731,1107037,19353,57202,33.830982276649614
19097,"Jackson, IA",2024,682179,1159621,19390,59805,35.182001031459514
19099,"Jasper, IA",2020,1178488,1737109,37818,45933,31.16209212544291
19099,"Jasper, IA",2021,1272529,1905286,37887,50289,33.5874838335049
19099,"Jasper, IA",2022,1167752,1945781,37966,51251,30.757835958489174
19099,"Jasper, IA",2023,1143588,1988265,37991,52335,30.101550367192228
19099,"Jasper, IA",2024,1137849,2052410,38107,53859,29.859317185818878
19101,"Jefferson, IA",2020,675678,763403,15699,48627,43.03955665965985
19101,"Jefferson, IA",2021,736777,842287,15786,53357,46.67281135183074
19101,"Jefferson, IA",2022,763884,889917,15632,56929,48.86668372569089
19101,"Jefferson, IA",2023,739767,897200,15626,57417,47.34205810828107
19101,"Jefferson, IA",2024,709844,929767,15781,58917,44.98092643051771
19103,"Johnson, IA",2020,9368536,8607871,153052,56241,61.211457543841306
19103,"Johnson, IA",2021,9680610,9455046,155047,60982,62.436615993859924
19103,"Johnson, IA",2022,9608045,9542730,156815,60853,61.26993591174314
19103,"Johnson, IA",2023,9723176,10079453,158202,63713,61.46051250932352
19103,"Johnson, IA",2024,9887747,10569810,160080,66028,61.76753498250874
19105,"Jones, IA",2020,621578,977402,20654,47323,30.094800038733418
19105,"Jones, IA",2021,669755,1088458,20832,52249,32.15029761904762
19105,"Jones, IA",2022,650949,1147006,20960,54724,31.056727099236642
19105,"Jones, IA",2023,648697,1163205,20917,55611,31.01290816082612
19105,"Jones, IA",2024,631420,1193879,21116,56539,29.902443644629663
19107,"Keokuk, IA",2020,310349,482465,10012,48189,30.997702756691968
19107,"Keokuk, IA",2021,347763,540926,9912,54573,35.085048426150124
19107,"Keokuk, IA",2022,345464,567442,9895,57346,34.91298635674583
19107,"Keokuk, IA",2023,327567,563112,9947,56611,32.931235548406555
19107,"Keokuk, IA",2024,326816,575522,9855,58399,33.162455606291225
19109,"Kossuth, IA",2020,806977,758527,14791,51283,54.558650530728144
19109,"Kossuth, IA",2021,1031181,923625,14511,63650,71.06202191440975
19109,"Kossuth, IA",2022,1040619,1005180,14462,69505,71.95540035956299
19109,"Kossuth, IA",2023,1006596,959717,14410,66601,69.85399028452464
19109,"Kossuth, IA",2024,1066606,989456,14408,68674,74.02873403664631
19111,"Lee, IA",2020,1854877,1555171,33529,46383,55.321572370187
19111,"Lee, IA",2021,1905410,1644667,33260,49449,57.28833433553818
19111,"Lee, IA",2022,1752087,1659187,32793,50596,53.42868904949227
19111,"Lee, IA",2023,1739653,1696584,32509,52188,53.51296564028423
19111,"Lee, IA",2024,1749234,1789925,32376,55286,54.028724981467754
19113,"Linn, IA",2020,16589410,12815466,230433,55615,71.99233616712884
19113,"Linn, IA",2021,17728784,13718957,229474,59784,77.25835606648248
19113,"Linn, IA",2022,17591539,13939698,228947,60886,76.83673077175067
19113,"Linn, IA",2023,17360484,14659008,229402,63901,75.67712574432656
19113,"Linn, IA",2024,17575215,15417877,231762,66525,75.8330312993502
19115,"Louisa, IA",2020,652436,497174,10825,45928,60.27122401847575
19115,"Louisa, IA",2021,797485,556966,10736,51878,74.28138971684054
19115,"Louisa, IA",2022,752012,582716,10657,54679,70.56507459885522
19115,"Louisa, IA",2023,758281,567430,10540,53836,71.9431688804554
19115,"Louisa, IA",2024,728908,587951,10630,55311,68.57083725305739
19117,"Lucas, IA",2020,313353,381454,8620,44252,36.351856148491876
19117,"Lucas, IA",2021,327521,423765,8708,48664,37.611506660542034
19117,"Lucas, IA",2022,295221,427504,8720,49026,33.855619266055044
19117,"Lucas, IA",2023,267567,433483,8775,49400,30.491965811965812
19117,"Lucas, IA",2024,265780,470027,8758,53668,30.34711121260562
19119,"Lyon, IA",2020,868530,686738,11923,57598,72.84492158013923
19119,"Lyon, IA",2021,886600,793291,12035,65915,73.66846697133361
19119,"Lyon, IA",2022,980110,908661,12185,74572,80.43578169881002
19119,"Lyon, IA",2023,916631,853008,12288,69418,74.59562174479167
19119,"Lyon, IA",2024,1110011,930861,12378,75203,89.6761189206657
19121,"Madison, IA",2020,419268,879105,16628,52869,25.21457782054366
19121,"Madison, IA",2021,462076,965819,16792,57517,27.517627441638876
19121,"Madison, IA",2022,489559,1016848,17050,59639,28.713137829912025
19121,"Madison, IA",2023,521445,1045556,16999,61507,30.67503970821813
19121,"Madison, IA",2024,509936,1099178,17161,64051,29.714818483771342
19123,"Mahaska, IA",2020,820083,998069,22162,45035,37.004015883043046
19123,"Mahaska, IA",2021,894066,1107612,21982,50387,40.6726412519334
19123,"Mahaska, IA",2022,899793,1173083,21959,53422,40.976046268044996
19123,"Mahaska, IA",2023,854821,1215206,21967,55320,38.91387080620932
19123,"Mahaska, IA",2024,873915,1266746,22034,57491,39.662113097939546
19125,"Marion, IA",2020,2105257,1773196,33414,53067,63.00523732567187
19125,"Marion, IA",2021,2088609,1942659,33450,58077,62.439730941704035
19125,"Marion, IA",2022,2048705,2031862,33582,60504,61.006044905008636
19125,"Marion, IA",2023,2136959,2175693,33718,64526,63.37739486327777
19125,"Marion, IA",2024,2078419,2278809,34048,66929,61.043791118421055
19127,"Marshall, IA",2020,1829028,1830589,40091,45661,45.62191015439874
19127,"Marshall, IA",2021,1816698,1997226,39915,50037,45.5141676061631
19127,"Marshall, IA",2022,1789575,1959300,39940,49056,44.80658487731598
19127,"Marshall, IA",2023,1750980,1985818,40230,49362,43.52423564504102
19127,"Marshall, IA",2024,1739482,2098147,40392,51945,43.0650128738364
19129,"Mills, IA",2020,525242,868065,14418,60207,36.429601886530726
19129,"Mills, IA",2021,582319,974014,14491,67215,40.18487336967773
19129,"Mills, IA",2022,516569,987645,14572,67777,35.44942355201757
19129,"Mills, IA",2023,494669,983965,14642,67202,33.78425078541183
19129,"Mills, IA",2024,486633,1012293,14717,68784,33.066046069171705
19131,"Mitchell, IA",2020,579845,611123,10586,57729,54.77470243718118
19131,"Mitchell, IA",2021,686575,805159,10555,76282,65.04737091425865
19131,"Mitchell, IA",2022,722686,1095568,10557,103776,68.45562186227149
19131,"Mitchell, IA",2023,782404,1057725,10544,100315,74.20371775417298
19131,"Mitchell, IA",2024,765437,1044181,10632,98211,71.99369826937547
19133,"Monona, IA",2020,300580,417454,8742,47753,34.383436284603064
19133,"Monona, IA",2021,350324,496037,8595,57712,40.75904595695172
19133,"Monona, IA",2022,341718,519757,8515,61040,40.131297709923665
19133,"Monona, IA",2023,367640,518403,8503,60967,43.23650476302481
19133,"Monona, IA",2024,344000,508321,8429,60306,40.81148416182228
19135,"Monroe, IA",2020,408754,376583,7596,49576,53.8117430226435
19135,"Monroe, IA",2021,471711,413516,7586,54510,62.18178223042447
19135,"Monroe, IA",2022,492773,417972,7524,55552,65.49348750664541
19135,"Monroe, IA",2023,491492,440098,7486,58789,65.65482233502539
19135,"Monroe, IA",2024,485114,447478,7373,60691,65.79601247796012
19137,"Montgomery, IA",2020,410334,452152,10330,43771,39.722555663117134
19137,"Montgomery, IA",2021,462284,507874,10317,49227,44.80798681787341
19137,"Montgomery, IA",2022,446958,520221,10210,50952,43.77649363369246
19137,"Montgomery, IA",2023,429233,524838,10148,51718,42.297299960583366
19137,"Montgomery, IA",2024,419234,544443,10063,54103,41.66093610255391
19139,"Muscatine, IA",2020,2545990,2188676,43155,50717,58.99640829567837
19139,"Muscatine, IA",2021,2588316,2287761,42693,53586,60.62623849342984
19139,"Muscatine, IA",2022,2593837,2352710,42501,55357,61.0300228229924
19139,"Muscatine, IA",2023,2518379,2433815,42316,57515,59.51363550430097
19139,"Muscatine, IA",2024,2577854,2541892,42132,60332,61.185179910756666
19141,"O'Brien, IA",2020,851790,765595,14149,54109,60.20142766273235
19141,"O'Brien, IA",2021,881414,859847,14048,61208,62.743023917995444
19141,"O'Brien, IA",2022,922145,937444,14107,66452,65.36790245977174
19141,"O'Brien, IA",2023,872063,902883,14067,64184,61.993530958982014
19141,"O'Brien, IA",2024,956767,961824,14260,67449,67.09446002805049
19143,"Osceola, IA",2020,330783,298399,6200,48129,53.35209677419355
19143,"Osceola, IA",2021,366895,353560,6174,57266,59.42581794622611
19143,"Osceola, IA",2022,427468,399455,6073,65776,70.38827597562984
19143,"Osceola, IA",2023,375828,371368,6016,61730,62.47140957446808
19143,"Osceola, IA",2024,467536,407028,6036,67433,77.45791915175613
19145,"Page, IA",2020,590022,702658,15200,46227,38.81723684210527
19145,"Page, IA",2021,670118,797016,15232,52325,43.99409138655462
19145,"Page, IA",2022,626396,815472,15169,53759,41.294482167578614
19145,"Page, IA",2023,625686,821137,15012,54699,41.679056754596324
19145,"Page, IA",2024,615018,839229,15038,55807,40.897592764995345
19147,"Palo Alto, IA",2020,458495,429068,8993,47711,50.983542755476485
19147,"Palo Alto, IA",2021,548734,516564,8932,57833,61.4346171070309
19147,"Palo Alto, IA",2022,608875,596026,8772,67946,69.41119471044232
19147,"Palo Alto, IA",2023,544858,539983,8807,61313,61.86646985352561
19147,"Palo Alto, IA",2024,617067,577294,8809,65535,70.04960835509138
19149,"Plymouth, IA",2020,1331017,1452110,25694,56516,51.80263874834592
19149,"Plymouth, IA",2021,1484195,1621197,25738,62988,57.66551402595384
19149,"Plymouth, IA",2022,1613345,1786171,25714,69463,62.741891576573074
19149,"Plymouth, IA",2023,1557347,1748810,25765,67875,60.44428488259266
19149,"Plymouth, IA",2024,1561144,1804839,25825,69887,60.450880929332044
19151,"Pocahontas, IA",2020,459167,340300,7068,48147,64.96420486700623
19151,"Pocahontas, IA",2021,526796,429544,7043,60989,74.79710350702825
19151,"Pocahontas, IA",2022,532938,477165,7090,67301,75.1675599435825
19151,"Pocahontas, IA",2023,478476,424141,7024,60385,68.12015945330296
19151,"Pocahontas, IA",2024,476013,427198,7006,60976,67.94361975449614
19153,"Polk, IA",2020,45811649,28324520,493039,57449,92.91688689941364
19153,"Polk, IA",2021,50420264,30797753,497903,61855,101.26523439304442
19153,"Polk, IA",2022,49240656,31918500,501261,63676,98.23356694416681
19153,"Polk, IA",2023,48962248,34049556,507487,67094,96.47980736452362
19153,"Polk, IA",2024,50518845,36029709,516185,69800,97.86964944738804
19155,"Pottawattamie, IA",2020,4097120,4466093,93655,47687,43.74694356948374
19155,"Pottawattamie, IA",2021,4322099,4812914,93403,51528,46.27366358682269
19155,"Pottawattamie, IA",2022,4474506,5189922,93180,55698,48.02002575660013
19155,"Pottawattamie, IA",2023,4610420,5465676,93353,58548,49.386950606836415
19155,"Pottawattamie, IA",2024,4836746,5876958,93529,62836,51.71386414908745
19157,"Poweshiek, IA",2020,1135037,893868,18628,47985,60.931769379428815
19157,"Poweshiek, IA",2021,1218732,986747,18623,52985,65.44230252913064
19157,"Poweshiek, IA",2022,1265309,1044491,18521,56395,68.3175314507856
19157,"Poweshiek, IA",2023,1206191,1056835,18497,57135,65.21008812239823
19157,"Poweshiek, IA",2024,1279070,1116019,18454,60476,69.3112604313428
19159,"Ringgold, IA",2020,174616,231743,4643,49912,37.60844281714409
19159,"Ringgold, IA",2021,182823,272852,4636,58855,39.43550474547023
19159,"Ringgold, IA",2022,169682,277490,4692,59141,36.16410912190963
19159,"Ringgold, IA",2023,157905,260816,4646,56138,33.98730090400344
19159,"Ringgold, IA",2024,174755,281698,4608,61132,37.92426215277778
19161,"Sac, IA",2020,475620,537409,9800,54838,48.53265306122449
19161,"Sac, IA",2021,560784,671579,9771,68732,57.39269266195886
19161,"Sac, IA",2022,581234,784082,9680,81000,60.0448347107438
19161,"Sac, IA",2023,554022,700243,9663,72466,57.33436820863086
19161,"Sac, IA",2024,605476,717793,9533,75296,63.51368928983531
19163,"Scott, IA",2020,9434663,9857177,174617,56450,54.03060984898378
19163,"Scott, IA",2021,9813086,10737013,174250,61618,56.31613199426112
19163,"Scott, IA",2022,9974532,10962033,173985,63006,57.329838779205105
19163,"Scott, IA",2023,10270984,11617662,174589,66543,58.82950243142466
19163,"Scott, IA",2024,10565169,12293269,175601,70007,60.16576784870246
19165,"Shelby, IA",2020,664853,619472,11727,52824,56.69420994286689
19165,"Shelby, IA",2021,794864,755456,11776,64152,67.49864130434783
19165,"Shelby, IA",2022,791813,777195,11745,66172,67.41702852277565
19165,"Shelby, IA",2023,816330,787959,11823,66646,69.0459274295864
19165,"Shelby, IA",2024,810198,794608,11821,67220,68.53887149987311
19167,"Sioux, IA",2020,2481100,1979363,35897,55140,69.11719642309943
19167,"Sioux, IA",2021,2435929,2141200,35979,59512,67.70418855443454
19167,"Sioux, IA",2022,2665245,2501484,36231,69043,73.56255692638901
19167,"Sioux, IA",2023,2546037,2392829,36399,65739,69.94799307673287
19167,"Sioux, IA",2024,3014989,2659367,36554,72752,82.48041254035127
19169,"Story, IA",2020,5504536,4438916,98651,44996,55.798076045858636
19169,"Story, IA",2021,5889275,4822879,99683,48382,59.08003370685071
19169,"Story, IA",2022,5871713,5264199,99995,52645,58.72006600330017
19169,"Story, IA",2023,5908358,5548240,101501,54662,58.209850149259616
19169,"Story, IA",2024,6136665,5780080,102498,56392,59.87107065503717
19171,"Tama, IA",2020,644672,841633,17044,49380,37.823984980051634
19171,"Tama, IA",2021,705000,960253,16862,56948,41.80998695291187
19171,"Tama, IA",2022,690818,981859,16910,58064,40.85263157894737
19171,"Tama, IA",2023,668286,954808,16787,56878,39.80973372252338
19171,"Tama, IA",2024,636320,961490,16738,57444,38.016489425259884
19173,"Taylor, IA",2020,243342,270467,5861,46147,41.518853437979864
19173,"Taylor, IA",2021,299988,331381,5868,56473,51.122699386503065
19173,"Taylor, IA",2022,283916,344033,5870,58609,48.367291311754684
19173,"Taylor, IA",2023,273828,328052,5917,55442,46.278181510900794
19173,"Taylor, IA",2024,279166,333963,5825,57333,47.92549356223176
19175,"Union, IA",2020,693536,529790,12128,43683,57.184696569920845
19175,"Union, IA",2021,785005,595090,12048,49393,65.15645750332006
19175,"Union, IA",2022,793251,603713,11922,50639,66.53673880221439
19175,"Union, IA",2023,769095,593856,11913,49849,64.55930496096701
19175,"Union, IA",2024,805377,643243,11955,53805,67.36737766624843
19177,"Van Buren, IA",2020,212321,297036,7218,41152,29.41548905513993
19177,"Van Buren, IA",2021,245294,347350,7256,47871,33.80567805953694
19177,"Van Buren, IA",2022,249611,366537,7250,50557,34.42910344827586
19177,"Van Buren, IA",2023,218338,353678,7266,48676,30.049270575282137
19177,"Van Buren, IA",2024,213355,363931,7217,50427,29.56283774421505
19179,"Wapello, IA",2020,1618427,1498465,35327,42417,45.81274945509101
19179,"Wapello, IA",2021,1758331,1600330,35304,45330,49.80543281214593
19179,"Wapello, IA",2022,1748943,1625479,35080,46336,49.85584378563284
19179,"Wapello, IA",2023,1691547,1662277,35417,46934,47.76087754468193
19179,"Wapello, IA",2024,1648497,1734920,35681,48623,46.20097530898798
19181,"Warren, IA",2020,1269119,2846530,52591,54126,24.131866669201955
19181,"Warren, IA",2021,1395228,3182870,53487,59507,26.085366537663358
19181,"Warren, IA",2022,1414606,3355160,54325,61761,26.0396870685688
19181,"Warren, IA",2023,1397186,3551708,55298,64229,25.266483417121776
19181,"Warren, IA",2024,1429806,3754565,56343,66638,25.37681699590011
19183,"Washington, IA",2020,1028367,1320161,22541,58567,45.622066456678944
19183,"Washington, IA",2021,1259693,1617228,22526,71794,55.92173488413389
19183,"Washington, IA",2022,1356533,1850810,22541,82109,60.18069295949603
19183,"Washington, IA",2023,1257378,1814411,22554,80447,55.74966746475126
19183,"Washington, IA",2024,1412399,1913209,22631,84539,62.409924439927536
19185,"Wayne, IA",2020,216532,289932,6502,44591,33.30236850199938
19185,"Wayne, IA",2021,271814,345128,6522,52918,41.67647960748237
19185,"Wayne, IA",2022,249040,360478,6472,55698,38.47960444993819
19185,"Wayne, IA",2023,235276,355620,6542,54360,35.9639254050749
19185,"Wayne, IA",2024,230960,365358,6622,55173,34.877680459075805
19187,"Webster, IA",2020,1953915,1734182,36991,46881,52.821361952907466
19187,"Webster, IA",2021,2165409,1912356,37172,51446,58.25376627569138
19187,"Webster, IA",2022,2121297,1965080,36703,53540,57.79628368253276
19187,"Webster, IA",2023,2093993,1981625,36653,54064,57.13019398139306
19187,"Webster, IA",2024,2119925,2047151,36909,55465,57.4365330949091
19189,"Winnebago, IA",2020,433465,472284,10656,44321,40.678021771771775
19189,"Winnebago, IA",2021,493793,554497,10657,52031,46.33508492070939
19189,"Winnebago, IA",2022,530668,597110,10651,56061,49.82330297624636
19189,"Winnebago, IA",2023,492037,568180,10563,53790,46.58117958913188
19189,"Winnebago, IA",2024,532596,606115,10383,58376,51.29500144466917
19191,"Winneshiek, IA",2020,1001137,1090666,20051,54395,49.92952969926687
19191,"Winneshiek, IA",2021,1029774,1180933,19944,59212,51.63327316486161
19191,"Winneshiek, IA",2022,1011967,1230232,19915,61774,50.814310820989206
19191,"Winneshiek, IA",2023,1010914,1250128,19728,63368,51.242599351176
19191,"Winneshiek, IA",2024,1026441,1312455,19723,66544,52.042843380824415
19193,"Woodbury, IA",2020,5111726,4926427,105952,46497,48.24567728782845
19193,"Woodbury, IA",2021,5341503,5290075,105801,50000,50.48631865483313
19193,"Woodbury, IA",2022,5349084,5473086,105674,51792,50.61873308477014
19193,"Woodbury, IA",2023,5424174,5675691,106544,53271,50.91017795464784
19193,"Woodbury, IA",2024,5432371,5936056,107257,55344,50.64817214727244
19195,"Worth, IA",2020,290057,330012,7430,44416,39.038627187079406
19195,"Worth, IA",2021,364916,401400,7374,54434,49.48684567398969
19195,"Worth, IA",2022,358636,418386,7316,57188,49.020776380535814
19195,"Worth, IA",2023,367368,420004,7322,57362,50.17317672767003
19195,"Worth, IA",2024,357509,424598,7307,58108,48.92691939236349
19197,"Wright, IA",2020,623632,612866,12923,47424,48.257525342412755
19197,"Wright, IA",2021,746362,745976,12821,58184,58.21402386709305
19197,"Wright, IA",2022,873877,926057,12740,72689,68.59317111459968
19197,"Wright, IA",2023,832242,852127,12744,66865,65.30461393596987
19197,"Wright, IA",2024,989859,967735,12729,76026,77.76408201744049
